object,url
2024-02 工程中期检查.mp4,https://drestryrobot.oss-cn-hangzhou.aliyuncs.com/2024-02%20%E5%B7%A5%E7%A8%8B%E4%B8%AD%E6%9C%9F%E6%A3%80%E6%9F%A5.mp4
2024-04 工程完整形态.mp4,https://drestryrobot.oss-cn-hangzhou.aliyuncs.com/2024-04%20%E5%B7%A5%E7%A8%8B%E5%AE%8C%E6%95%B4%E5%BD%A2%E6%80%81.mp4
202503 IsaacSim自动避障.mp4,https://drestryrobot.oss-cn-hangzhou.aliyuncs.com/202503%20IsaacSim%E8%87%AA%E5%8A%A8%E9%81%BF%E9%9A%9C.mp4
202503 导纳控制.mp4,https://drestryrobot.oss-cn-hangzhou.aliyuncs.com/202503%20%E5%AF%BC%E7%BA%B3%E6%8E%A7%E5%88%B6.mp4
202510 齿轮装配.mp4,https://drestryrobot.oss-cn-hangzhou.aliyuncs.com/202510%20%E9%BD%BF%E8%BD%AE%E8%A3%85%E9%85%8D.mp4
202510 齿轮装配.png,https://drestryrobot.oss-cn-hangzhou.aliyuncs.com/202510%20%E9%BD%BF%E8%BD%AE%E8%A3%85%E9%85%8D.png
202601 CAN通信.mp4,https://drestryrobot.oss-cn-hangzhou.aliyuncs.com/202601%20CAN%E9%80%9A%E4%BF%A1.mp4
202601 Delmia入门.mp4,https://drestryrobot.oss-cn-hangzhou.aliyuncs.com/202601%20Delmia%E5%85%A5%E9%97%A8.mp4
202601 Delmia机械装置.mp4,https://drestryrobot.oss-cn-hangzhou.aliyuncs.com/202601%20Delmia%E6%9C%BA%E6%A2%B0%E8%A3%85%E7%BD%AE.mp4
202601 PID控制.mp4,https://drestryrobot.oss-cn-hangzhou.aliyuncs.com/202601%20PID%E6%8E%A7%E5%88%B6.mp4
202601 Qt入门.mp4,https://drestryrobot.oss-cn-hangzhou.aliyuncs.com/202601%20Qt%E5%85%A5%E9%97%A8.mp4
202601 SolidWorks修改原点.mp4,https://drestryrobot.oss-cn-hangzhou.aliyuncs.com/202601%20SolidWorks%E4%BF%AE%E6%94%B9%E5%8E%9F%E7%82%B9.mp4
202601 SolidWorks入门.mp4,https://drestryrobot.oss-cn-hangzhou.aliyuncs.com/202601%20SolidWorks%E5%85%A5%E9%97%A8.mp4
202601 SolidWorks安装指南.mp4,https://drestryrobot.oss-cn-hangzhou.aliyuncs.com/202601%20SolidWorks%E5%AE%89%E8%A3%85%E6%8C%87%E5%8D%97.mp4
202601 SolidWorks草图绘制.mp4,https://drestryrobot.oss-cn-hangzhou.aliyuncs.com/202601%20SolidWorks%E8%8D%89%E5%9B%BE%E7%BB%98%E5%88%B6.mp4
202601 SolidWorks警告消除.mp4,https://drestryrobot.oss-cn-hangzhou.aliyuncs.com/202601%20SolidWorks%E8%AD%A6%E5%91%8A%E6%B6%88%E9%99%A4.mp4
202601 Unity入门.mp4,https://drestryrobot.oss-cn-hangzhou.aliyuncs.com/202601%20Unity%E5%85%A5%E9%97%A8.mp4
202601 VS Code入门.mp4,https://drestryrobot.oss-cn-hangzhou.aliyuncs.com/202601%20VS%20Code%E5%85%A5%E9%97%A8.mp4
202601 h头文件.mp4,https://drestryrobot.oss-cn-hangzhou.aliyuncs.com/202601%20h%E5%A4%B4%E6%96%87%E4%BB%B6.mp4
202601 串口通信.mp4,https://drestryrobot.oss-cn-hangzhou.aliyuncs.com/202601%20%E4%B8%B2%E5%8F%A3%E9%80%9A%E4%BF%A1.mp4
202601 光电开关.mp4,https://drestryrobot.oss-cn-hangzhou.aliyuncs.com/202601%20%E5%85%89%E7%94%B5%E5%BC%80%E5%85%B3.mp4
202601 光耦继电器.mp4,https://drestryrobot.oss-cn-hangzhou.aliyuncs.com/202601%20%E5%85%89%E8%80%A6%E7%BB%A7%E7%94%B5%E5%99%A8.mp4
202601 双环PID.mp4,https://drestryrobot.oss-cn-hangzhou.aliyuncs.com/202601%20%E5%8F%8C%E7%8E%AFPID.mp4
202601 气动控制.mp4,https://drestryrobot.oss-cn-hangzhou.aliyuncs.com/202601%20%E6%B0%94%E5%8A%A8%E6%8E%A7%E5%88%B6.mp4
202601 电动推杆.mp4,https://drestryrobot.oss-cn-hangzhou.aliyuncs.com/202601%20%E7%94%B5%E5%8A%A8%E6%8E%A8%E6%9D%86.mp4
202601 重力补偿.mp4,https://drestryrobot.oss-cn-hangzhou.aliyuncs.com/202601%20%E9%87%8D%E5%8A%9B%E8%A1%A5%E5%81%BF.mp4
202601 降压模块.mp4,https://drestryrobot.oss-cn-hangzhou.aliyuncs.com/202601%20%E9%99%8D%E5%8E%8B%E6%A8%A1%E5%9D%97.mp4
202604 Delmia龙门安装机器人.mp4,https://drestryrobot.oss-cn-hangzhou.aliyuncs.com/202604%20Delmia%E9%BE%99%E9%97%A8%E5%AE%89%E8%A3%85%E6%9C%BA%E5%99%A8%E4%BA%BA.mp4
202604 SolidWorks流体仿真.mp4,https://drestryrobot.oss-cn-hangzhou.aliyuncs.com/202604%20SolidWorks%E6%B5%81%E4%BD%93%E4%BB%BF%E7%9C%9F.mp4
202604 Unity数据大屏.mp4,https://drestryrobot.oss-cn-hangzhou.aliyuncs.com/202604%20Unity%E6%95%B0%E6%8D%AE%E5%A4%A7%E5%B1%8F.mp4
202604 导纳控制.mp4,https://drestryrobot.oss-cn-hangzhou.aliyuncs.com/202604%20%E5%AF%BC%E7%BA%B3%E6%8E%A7%E5%88%B6.mp4
202605 DrestryRobot留言评论.mp4,https://drestryrobot.oss-cn-hangzhou.aliyuncs.com/202605%20DrestryRobot%E7%95%99%E8%A8%80%E8%AF%84%E8%AE%BA.mp4
202606 Delmia二次开发.mp4,https://drestryrobot.oss-cn-hangzhou.aliyuncs.com/202606%20Delmia%E4%BA%8C%E6%AC%A1%E5%BC%80%E5%8F%91.mp4
202606 Delmia路径仿真.mp4,https://drestryrobot.oss-cn-hangzhou.aliyuncs.com/202606%20Delmia%E8%B7%AF%E5%BE%84%E4%BB%BF%E7%9C%9F.mp4
202606 Unity数字孪生.mp4,https://drestryrobot.oss-cn-hangzhou.aliyuncs.com/202606%20Unity%E6%95%B0%E5%AD%97%E5%AD%AA%E7%94%9F.mp4
202606 重力补偿.mp4,https://drestryrobot.oss-cn-hangzhou.aliyuncs.com/202606%20%E9%87%8D%E5%8A%9B%E8%A1%A5%E5%81%BF.mp4
202607 OpenGL数据可视化.mp4,https://drestryrobot.oss-cn-hangzhou.aliyuncs.com/202607%20OpenGL%E6%95%B0%E6%8D%AE%E5%8F%AF%E8%A7%86%E5%8C%96.mp4
202608 Agent仿真.mp4,https://drestryrobot.oss-cn-hangzhou.aliyuncs.com/202608%20Agent%E4%BB%BF%E7%9C%9F.mp4
202608 三维成像.mp4,https://drestryrobot.oss-cn-hangzhou.aliyuncs.com/202608%20%E4%B8%89%E7%BB%B4%E6%88%90%E5%83%8F.mp4
202608 超声扫描1.png,https://drestryrobot.oss-cn-hangzhou.aliyuncs.com/202608%20%E8%B6%85%E5%A3%B0%E6%89%AB%E6%8F%8F1.png
202608 超声扫描2.png,https://drestryrobot.oss-cn-hangzhou.aliyuncs.com/202608%20%E8%B6%85%E5%A3%B0%E6%89%AB%E6%8F%8F2.png
工程机器人.MP4,https://drestryrobot.oss-cn-hangzhou.aliyuncs.com/%E5%B7%A5%E7%A8%8B%E6%9C%BA%E5%99%A8%E4%BA%BA.MP4
挂纱机器人.MP4,https://drestryrobot.oss-cn-hangzhou.aliyuncs.com/%E6%8C%82%E7%BA%B1%E6%9C%BA%E5%99%A8%E4%BA%BA.MP4
水下机器人.MP4,https://drestryrobot.oss-cn-hangzhou.aliyuncs.com/%E6%B0%B4%E4%B8%8B%E6%9C%BA%E5%99%A8%E4%BA%BA.MP4